City_ID,City,Country,Date,Lat,Lng,Max Temp,Humidity,Cloudiness,Wind Speed
0,Warrington,GB,2022-01-27 00:06:22,53.3925,-2.5802,50.9,87,100,7.0
1,Acarau,BR,2022-01-27 00:01:25,-2.8856,-40.12,78.01,86,100,10.16
2,Busselton,AU,2022-01-27 00:06:22,-33.65,115.3333,66.04,63,1,13.78
3,Avarua,CK,2022-01-27 00:06:22,-21.2078,-159.775,82.45,89,75,13.8
4,Dikson,RU,2022-01-27 00:06:23,73.5069,80.5464,13.14,93,100,28.1
5,Esperance,AU,2022-01-27 00:06:23,-33.8667,121.9,64.24,82,90,6.4
6,Puerto Ayora,EC,2022-01-27 00:06:23,-0.7393,-90.3518,74.41,86,86,8.25
7,Yellowknife,CA,2022-01-27 00:06:24,62.456,-114.3525,4.41,91,100,3.2
8,Goderich,CA,2022-01-27 00:06:24,43.7501,-81.7165,13.91,74,95,15.84
9,North Bend,US,2022-01-27 00:06:25,43.4065,-124.2243,54.91,85,0,4.61
10,Pingxiang,CN,2022-01-27 00:06:25,27.6167,113.85,41.34,96,100,2.42
11,Bluff,NZ,2022-01-27 00:06:26,-46.6,168.3333,58.8,55,84,9.69
12,New Norfolk,AU,2022-01-27 00:06:26,-42.7826,147.0587,72.66,53,100,1.99
13,Bengkulu,ID,2022-01-27 00:06:27,-3.8004,102.2655,77.27,84,100,3.53
14,Mataura,NZ,2022-01-27 00:06:27,-46.1927,168.8643,58.48,46,60,8.01
15,Torbay,CA,2022-01-27 00:05:30,47.6666,-52.7314,35.76,95,100,3.0
16,Butaritari,KI,2022-01-27 00:02:11,3.0707,172.7902,81.97,78,33,13.44
17,Thompson,CA,2022-01-27 00:04:26,55.7435,-97.8558,-6.56,85,100,13.67
18,Hilo,US,2022-01-27 00:02:15,19.7297,-155.09,77.25,78,42,3.0
19,Punta Arenas,CL,2022-01-27 00:05:42,-53.15,-70.9167,51.91,71,40,32.21
20,Namie,JP,2022-01-27 00:06:28,37.4833,141.0,43.99,54,44,9.48
21,Charters Towers,AU,2022-01-27 00:06:29,-20.1,146.2667,76.87,82,100,8.1
22,Bredasdorp,ZA,2022-01-27 00:06:29,-34.5322,20.0403,64.27,87,91,7.14
23,Trairi,BR,2022-01-27 00:06:30,-3.2778,-39.2689,77.77,88,100,7.94
24,Pazaric,BA,2022-01-27 00:06:30,43.7886,18.1608,17.42,100,21,1.12
25,Ushuaia,AR,2022-01-27 00:04:56,-54.8,-68.3,51.46,71,75,31.07
26,Mehran,IR,2022-01-27 00:06:31,33.1222,46.1646,54.01,65,0,11.36
27,Saint George,US,2022-01-27 00:01:41,37.1041,-113.5841,54.07,22,0,3.0
28,Saint-Philippe,RE,2022-01-27 00:06:31,-21.3585,55.7679,71.19,68,58,8.7
29,Vilhena,BR,2022-01-27 00:06:31,-12.7406,-60.1458,70.45,96,97,3.58
30,Sao Felix Do Xingu,BR,2022-01-27 00:06:32,-6.6447,-51.995,72.97,94,99,0.49
31,Wau,SS,2022-01-27 00:06:32,7.7029,27.9953,78.49,19,99,9.95
32,Bambous Virieux,MU,2022-01-27 00:06:32,-20.3428,57.7575,76.17,71,61,9.64
33,Concepcion,CL,2022-01-27 00:05:14,-36.827,-73.0498,62.4,82,75,6.91
34,Cap Malheureux,MU,2022-01-27 00:06:33,-19.9842,57.6142,77.43,66,16,9.78
35,Qui Nhon,VN,2022-01-27 00:03:31,13.7667,109.2333,72.07,83,83,8.55
36,Nome,US,2022-01-27 00:06:34,64.5011,-165.4064,-15.84,83,0,0.0
37,Hermanus,ZA,2022-01-27 00:03:22,-34.4187,19.2345,64.8,81,67,10.87
38,Provideniya,RU,2022-01-27 00:06:34,64.3833,-173.3,-3.64,71,75,4.47
39,Tocopilla,CL,2022-01-27 00:06:35,-22.092,-70.1979,68.5,69,23,5.1
40,Gemena,CD,2022-01-27 00:06:35,3.25,19.7667,71.31,42,100,2.59
41,Rikitea,PF,2022-01-27 00:06:36,-23.1203,-134.9692,78.44,77,9,17.16
42,Ribeira Grande,PT,2022-01-27 00:06:36,38.5167,-28.7,59.52,78,15,15.12
43,Upernavik,GL,2022-01-27 00:06:36,72.7868,-56.1549,9.72,88,93,26.96
44,Gallup,US,2022-01-27 00:06:37,35.5281,-108.7426,43.56,46,0,1.01
45,Monte Alegre,BR,2022-01-27 00:06:37,-2.0078,-54.0692,79.12,71,100,2.95
46,East London,ZA,2022-01-27 00:06:37,-33.0153,27.9116,73.62,92,66,3.78
47,Port Alfred,ZA,2022-01-27 00:07:38,-33.5906,26.891,72.64,92,95,3.33
48,Waipawa,NZ,2022-01-27 00:07:38,-41.4122,175.5153,60.3,56,92,19.66
49,Kaeo,NZ,2022-01-27 00:07:39,-35.1,173.7833,76.32,64,63,4.25
50,Byron Bay,AU,2022-01-27 00:07:39,-28.65,153.6167,81.05,60,14,9.1
51,Hobart,AU,2022-01-27 00:07:39,-42.8794,147.3294,73.02,59,100,1.99
52,Vila Velha,BR,2022-01-27 00:05:22,-20.3297,-40.2925,75.94,83,0,5.01
53,Mar Del Plata,AR,2022-01-27 00:06:17,-38.0023,-57.5575,64.09,69,40,1.99
54,Souillac,MU,2022-01-27 00:07:40,-20.5167,57.5167,75.29,76,70,8.08
55,Vardo,NO,2022-01-27 00:07:40,70.3705,31.1107,25.36,73,51,16.55
56,Faya,SA,2022-01-27 00:07:41,18.3851,42.4509,52.32,68,13,6.26
57,Lebu,CL,2022-01-27 00:07:41,-37.6167,-73.65,60.67,83,0,9.04
58,Koltsovo,RU,2022-01-27 00:07:42,54.9376,83.1825,-5.19,82,91,2.15
59,Cairns,AU,2022-01-27 00:06:18,-16.9167,145.7667,86.11,78,100,1.14
60,Hornepayne,CA,2022-01-27 00:07:42,49.2138,-84.7705,11.64,79,100,20.2
61,Krasnoselkup,RU,2022-01-27 00:07:43,65.7,82.4667,-4.04,96,100,17.54
62,Perth,AU,2022-01-27 00:05:45,-31.9333,115.8333,73.04,63,20,8.05
63,Sorland,NO,2022-01-27 00:07:43,67.667,12.6934,38.41,77,97,12.1
64,Paramonga,PE,2022-01-27 00:07:44,-10.6667,-77.8333,72.18,81,57,7.94
65,Bereda,ES,2022-01-27 00:07:44,43.2686,-7.5406,45.91,100,54,1.88
66,Lasa,IT,2022-01-27 00:07:44,46.6166,10.7002,31.37,55,21,5.84
67,Georgetown,MY,2022-01-27 00:04:18,5.4112,100.3354,78.73,83,20,0.0
68,The Valley,AI,2022-01-27 00:07:45,18.217,-63.0578,77.83,75,6,12.44
69,Salta,AR,2022-01-27 00:07:45,-24.7859,-65.4117,66.58,94,86,8.01
70,Solvychegodsk,RU,2022-01-27 00:07:46,61.3305,46.9156,-4.04,100,96,2.93
71,Cabo San Lucas,MX,2022-01-27 00:07:46,22.8909,-109.9124,75.61,56,0,9.22
72,Westport,US,2022-01-27 00:07:46,41.1415,-73.3579,25.75,45,0,1.99
73,Palizada,MX,2022-01-27 00:07:47,18.25,-92.0833,76.98,94,8,6.35
74,Albany,US,2022-01-27 00:06:12,42.6001,-73.9662,14.36,55,12,4.0
75,Coquimbo,CL,2022-01-27 00:07:48,-29.9533,-71.3436,63.54,81,4,7.14
76,Mahebourg,MU,2022-01-27 00:07:48,-20.4081,57.7,76.08,73,67,9.71
77,Qaanaaq,GL,2022-01-27 00:07:48,77.484,-69.3632,-8.48,61,74,8.14
78,Fare,PF,2022-01-27 00:07:49,-16.7,-151.0167,80.73,77,72,16.93
79,Faanui,PF,2022-01-27 00:07:49,-16.4833,-151.75,81.09,76,74,17.43
80,Bintulu,MY,2022-01-27 00:07:50,3.1667,113.0333,76.12,92,99,3.83
81,Arraial Do Cabo,BR,2022-01-27 00:07:50,-22.9661,-42.0278,76.26,87,0,26.87
82,San Lawrenz,MT,2022-01-27 00:07:51,36.0553,14.204,44.01,69,0,13.35
83,Christchurch,NZ,2022-01-27 00:05:32,-43.5333,172.6333,64.02,57,40,11.01
84,Lagoa,PT,2022-01-27 00:07:51,39.05,-27.9833,58.64,79,8,12.28
85,Necochea,AR,2022-01-27 00:07:52,-38.5473,-58.7368,63.03,59,0,15.5
86,Vaini,TO,2022-01-27 00:07:52,-21.2,-175.2,80.82,72,90,7.45
87,Jijiga,ET,2022-01-27 00:07:52,9.35,42.8,55.67,30,1,6.93
88,Bethel,US,2022-01-27 00:07:53,41.3712,-73.414,23.0,53,0,5.75
89,Bukama,CD,2022-01-27 00:07:53,-9.2,25.85,68.05,97,100,2.35
90,Mataram,ID,2022-01-27 00:07:53,-8.5833,116.1167,79.61,83,100,5.55
91,Tasiilaq,GL,2022-01-27 00:07:54,65.6145,-37.6368,15.96,79,100,6.17
92,Kavieng,PG,2022-01-27 00:08:54,-2.5744,150.7967,83.97,75,88,8.93
93,Hamilton,US,2022-01-27 00:06:02,39.1834,-84.5333,21.4,58,0,0.0
94,Cherskiy,RU,2022-01-27 00:08:55,68.75,161.3,-43.6,99,48,3.89
95,Tuktoyaktuk,CA,2022-01-27 00:08:55,69.4541,-133.0374,-7.94,92,78,17.76
96,Khatanga,RU,2022-01-27 00:08:55,71.9667,102.5,0.39,87,100,13.02
97,San Carlos Del Zulia,VE,2022-01-27 00:08:56,9.0,-71.9135,78.01,77,99,4.68
98,Hofn,IS,2022-01-27 00:08:56,64.2539,-15.2082,31.98,58,100,7.09
99,Salalah,OM,2022-01-27 00:08:56,17.0151,54.0924,65.98,59,0,2.46
100,Miyako,JP,2022-01-27 00:08:57,39.6367,141.9525,36.68,57,17,10.94
101,Kasongo-Lunda,CD,2022-01-27 00:08:57,-6.4667,16.8167,68.14,98,91,0.92
102,Cayenne,GF,2022-01-27 00:08:58,4.9333,-52.3333,75.24,94,100,5.75
103,Kerman,IR,2022-01-27 00:08:58,30.2832,57.0788,47.44,35,0,2.3
104,Chokurdakh,RU,2022-01-27 00:08:58,70.6333,147.9167,-27.94,97,38,12.33
105,Leningradskiy,RU,2022-01-27 00:08:59,69.3833,178.4167,-25.83,90,27,3.65
106,Nikolskoye,RU,2022-01-27 00:08:59,59.7035,30.7861,25.88,91,100,9.89
107,Olean,US,2022-01-27 00:09:00,42.0776,-78.4297,16.48,78,40,0.0
108,Chernyshevskiy,RU,2022-01-27 00:09:00,63.0128,112.4714,-19.26,100,94,3.24
109,Pocatello,US,2022-01-27 00:09:01,42.8713,-112.4455,23.67,78,0,4.0
110,Touros,BR,2022-01-27 00:09:01,-5.1989,-35.4608,80.58,75,55,13.11
111,Kovur,IN,2022-01-27 00:09:02,14.4833,79.9833,72.99,81,98,0.54
112,Tiznit,MA,2022-01-27 00:09:02,29.5833,-9.5,51.35,64,3,5.59
113,Taman,RU,2022-01-27 00:09:03,45.2117,36.7161,26.92,75,67,6.42
114,Oistins,BB,2022-01-27 00:05:23,13.0667,-59.5333,73.49,83,40,6.91
115,Wembley,AU,2022-01-27 00:04:44,-31.9333,115.8,73.06,63,20,8.05
116,Udachnyy,RU,2022-01-27 00:09:03,66.4167,112.4,-15.11,90,77,5.35
117,Orsha,BY,2022-01-27 00:09:04,54.5153,30.4053,13.77,95,100,8.41
118,Mandera,KE,2022-01-27 00:07:43,3.9366,41.867,75.72,30,11,7.02
119,Cape Town,ZA,2022-01-27 00:09:04,-33.9258,18.4232,68.34,79,0,3.0
120,Salisbury,GB,2022-01-27 00:07:20,51.0693,-1.7957,47.08,85,95,11.88
121,Eureka,US,2022-01-27 00:09:05,40.8021,-124.1637,55.67,78,0,1.99
122,Yuli,NG,2022-01-27 00:09:05,9.6989,10.2744,69.04,22,17,8.3
123,Hauterive,FR,2022-01-27 00:09:06,46.0901,3.4459,27.36,87,9,1.54
124,Barraute,CA,2022-01-27 00:09:06,48.4335,-77.6328,-1.82,87,56,12.44
125,Kaitangata,NZ,2022-01-27 00:09:07,-46.2817,169.8464,56.93,51,40,14.43
126,Geraldton,AU,2022-01-27 00:09:07,-28.7667,114.6,74.12,68,0,11.5
127,Porto Walter,BR,2022-01-27 00:09:08,-8.2686,-72.7439,73.27,95,73,1.74
128,Jamestown,US,2022-01-27 00:06:18,42.097,-79.2353,16.92,72,100,8.05
129,Taksimo,RU,2022-01-27 00:09:08,56.3444,114.8794,-21.08,95,52,1.63
130,Egvekinot,RU,2022-01-27 00:09:09,66.3167,-179.1667,-17.75,85,47,1.25
131,Jian,CN,2022-01-27 00:09:09,27.1172,114.9793,46.92,93,100,8.37
132,Haines Junction,CA,2022-01-27 00:09:10,60.7522,-137.5108,18.36,97,100,1.45
133,Barrow,US,2022-01-27 00:09:10,71.2906,-156.7887,-11.18,70,0,14.97
134,Juneau,US,2022-01-27 00:09:10,58.3019,-134.4197,37.4,98,100,0.0
135,Luderitz,NA,2022-01-27 00:09:11,-26.6481,15.1594,69.49,67,9,19.28
136,Katsina,NG,2022-01-27 00:09:11,12.9894,7.6006,58.73,19,0,12.17
137,Ketchikan,US,2022-01-27 00:04:27,55.3422,-131.6461,39.18,93,20,6.91
138,Kahului,US,2022-01-27 00:24:13,20.8947,-156.47,82.42,64,20,14.97
139,Luba,GQ,2022-01-27 00:24:14,3.4568,8.5547,80.17,82,56,6.29
140,Norman Wells,CA,2022-01-27 00:24:14,65.282,-126.8329,8.64,85,75,5.75
141,Talitsa,RU,2022-01-27 00:24:14,56.8804,60.0213,9.14,93,95,7.96
142,Hakodate,JP,2022-01-27 00:24:15,41.7758,140.7367,31.98,80,40,2.3
143,Kruisfontein,ZA,2022-01-27 00:21:24,-34.0033,24.7314,65.88,96,98,1.21
144,Meulaboh,ID,2022-01-27 00:24:15,4.1363,96.1285,75.31,85,96,3.78
145,Theog,IN,2022-01-27 00:24:16,31.1167,77.35,27.25,75,23,4.18
146,Pecos,US,2022-01-27 00:24:16,31.4229,-103.4932,34.83,86,100,4.61
147,Quatre Cocos,MU,2022-01-27 00:24:16,-20.2078,57.7625,75.94,70,43,9.06
148,Tura,IN,2022-01-27 00:19:59,25.5198,90.2201,53.55,90,68,2.62
149,Hami,CN,2022-01-27 00:24:17,42.8,93.45,21.4,45,7,0.29
150,Mgandu,TZ,2022-01-27 00:24:17,-5.95,34.1333,61.66,96,97,4.56
151,Amahai,ID,2022-01-27 00:24:18,-3.3333,128.9167,83.52,69,99,2.89
152,Pevek,RU,2022-01-27 00:24:18,69.7008,170.3133,-32.75,98,55,3.42
153,Vestmannaeyjar,IS,2022-01-27 00:24:18,63.4427,-20.2734,35.55,70,90,3.94
154,Katsuura,JP,2022-01-27 00:21:07,35.1333,140.3,48.22,61,70,14.34
155,Comodoro Rivadavia,AR,2022-01-27 00:24:19,-45.8667,-67.5,64.26,45,0,4.61
156,Marinette,US,2022-01-27 00:24:19,45.1,-87.6307,9.05,66,0,13.8
157,Tigil,RU,2022-01-27 00:24:20,57.8,158.6667,-2.96,97,100,4.09
158,Atuona,PF,2022-01-27 00:24:20,-9.8,-139.0333,78.94,78,12,17.78
159,Beled,HU,2022-01-27 00:24:20,47.4659,17.0929,35.76,87,90,3.2
160,Longyearbyen,SJ,2022-01-27 00:22:01,78.2186,15.6401,10.24,61,75,14.97
161,Palora,EC,2022-01-27 00:24:21,-1.7,-77.9333,67.51,98,93,0.92
162,Grindavik,IS,2022-01-27 00:24:21,63.8424,-22.4338,28.35,93,40,8.05
163,Ginda,IN,2022-01-27 00:24:22,30.6945,78.4932,30.02,44,48,6.76
164,Kirakira,SB,2022-01-27 00:24:22,-10.4544,161.9205,79.39,87,100,7.45
165,Canton,CN,2022-01-27 00:24:23,23.1167,113.25,66.0,78,93,3.18
166,Hasaki,JP,2022-01-27 00:24:23,35.7333,140.8333,41.4,73,52,8.03
167,Shelburne,CA,2022-01-27 00:24:23,44.0787,-80.2041,10.29,87,50,9.62
168,Kiunga,PG,2022-01-27 00:24:24,-6.1219,141.2906,71.4,99,100,3.51
169,Sarmanovo,RU,2022-01-27 00:21:26,55.2553,52.5891,9.28,93,100,10.51
170,Andros Town,BS,2022-01-27 00:24:24,24.7,-77.7667,75.16,65,15,7.94
171,Gushikawa,JP,2022-01-27 00:24:25,26.3544,127.8686,69.39,73,40,3.44
172,Port Elizabeth,ZA,2022-01-27 00:23:15,-33.918,25.5701,68.09,94,100,8.05
173,Ilulissat,GL,2022-01-27 00:24:26,69.2167,-51.1,12.22,79,100,21.85
174,Saldanha,ZA,2022-01-27 00:24:26,-33.0117,17.9442,60.85,92,3,12.37
175,Diebougou,BF,2022-01-27 00:24:26,10.9667,-3.25,73.85,17,33,5.26
176,Borca,RO,2022-01-27 00:24:27,47.1833,25.7667,19.49,96,98,4.92
177,Tecoanapa,MX,2022-01-27 00:24:27,16.5167,-98.75,80.31,71,0,7.18
178,Kamina,CD,2022-01-27 00:24:28,-8.7386,24.9906,64.2,96,100,5.82
179,Ambon,ID,2022-01-27 00:21:52,-3.6954,128.1814,86.14,74,20,3.44
180,Beyneu,KZ,2022-01-27 00:24:28,45.3167,55.2,29.21,68,99,13.87
181,Huarmey,PE,2022-01-27 00:24:29,-10.0681,-78.1522,72.73,78,48,8.9
182,Isangel,VU,2022-01-27 00:21:47,-19.55,169.2667,84.63,74,85,4.52
183,Elat,IL,2022-01-27 00:24:29,29.5581,34.9482,48.04,61,20,0.0
184,Bellevue,US,2022-01-27 00:22:12,47.6104,-122.2007,44.4,83,0,1.01
185,Sambava,MG,2022-01-27 00:42:25,-14.2667,50.1667,73.51,86,17,9.04
186,Chuy,UY,2022-01-27 00:42:02,-33.6971,-53.4616,71.17,90,100,14.9
187,Constitucion,CL,2022-01-27 00:42:26,-35.3333,-72.4167,57.94,95,6,6.64
188,Takoradi,GH,2022-01-27 00:42:26,4.8845,-1.7554,78.55,88,0,5.48
189,Marsaxlokk,MT,2022-01-27 00:42:26,35.8419,14.5431,45.21,87,0,5.75
190,Madang,PG,2022-01-27 00:42:27,-5.2246,145.7966,84.87,70,100,3.91
191,Munger,IN,2022-01-27 00:42:27,25.3833,86.4667,48.76,74,0,6.38
192,Kapaa,US,2022-01-27 00:40:22,22.0752,-159.319,79.12,70,75,1.01
193,Saskylakh,RU,2022-01-27 00:42:18,71.9167,114.0833,-10.35,92,46,4.27
194,Iqaluit,CA,2022-01-27 00:38:19,63.7506,-68.5145,-24.07,69,20,4.61
195,Richards Bay,ZA,2022-01-27 00:42:28,-28.783,32.0377,73.0,96,34,6.55
196,Quesnel,CA,2022-01-27 00:42:29,52.9999,-122.5029,19.9,93,0,0.0
197,Bonavista,CA,2022-01-27 00:42:29,48.6499,-53.1147,31.12,70,100,16.51
198,Mecca,SA,2022-01-27 00:40:15,21.4267,39.8261,65.1,56,94,15.17
199,Guarapari,BR,2022-01-27 00:42:30,-20.6667,-40.4975,75.88,90,77,11.79
200,San Patricio,US,2022-01-27 00:42:30,28.017,-97.5169,59.09,74,54,8.61
201,Glushkovo,RU,2022-01-27 00:42:31,51.3392,34.6328,5.74,97,89,1.66
202,Strezhevoy,RU,2022-01-27 00:42:31,60.7333,77.5889,1.38,100,96,6.29
203,Santa Marta,CO,2022-01-27 00:38:24,11.2408,-74.199,82.45,65,40,15.01
204,Hithadhoo,MV,2022-01-27 00:42:32,-0.6,73.0833,81.46,75,89,21.41
205,Kharp,RU,2022-01-27 00:42:32,66.8014,65.8081,6.96,92,100,5.37
206,Makat,KZ,2022-01-27 00:42:33,47.6469,53.3463,27.46,91,100,11.05
207,Ilhabela,BR,2022-01-27 00:42:33,-23.7781,-45.3581,77.25,89,41,5.61
208,Narsaq,GL,2022-01-27 00:42:34,60.9167,-46.05,17.82,72,97,16.84
209,Bandarbeyla,SO,2022-01-27 00:42:34,9.4942,50.8122,71.74,71,78,13.2
210,Ixtapa,MX,2022-01-27 00:42:35,20.7,-105.2,74.43,73,75,11.5
211,Husavik,IS,2022-01-27 00:42:35,66.0449,-17.3389,30.11,71,100,10.25
212,Mizdah,LY,2022-01-27 00:42:35,31.4451,12.9801,39.87,73,8,0.85
213,Santa Rosa,PH,2022-01-27 00:38:08,14.3122,121.1114,84.09,79,41,12.19
214,Rosetta,EG,2022-01-27 00:42:36,31.4044,30.4164,51.62,51,100,27.13
215,Broome,US,2022-01-27 00:42:36,42.2506,-75.833,9.01,76,8,1.99
216,Antofagasta,CL,2022-01-27 00:42:37,-23.65,-70.4,66.06,80,37,4.32
217,Carnarvon,AU,2022-01-27 00:42:37,-24.8667,113.6333,78.87,69,100,17.27
218,Russell,US,2022-01-27 00:42:38,32.3502,-85.1999,47.48,51,0,6.91
219,Tilichiki,RU,2022-01-27 00:42:38,60.4667,166.1,17.24,95,100,9.71
220,Padang,ID,2022-01-27 00:42:39,-0.9492,100.3543,75.25,77,100,3.02
221,Cabedelo,BR,2022-01-27 00:40:17,-6.9811,-34.8339,75.87,80,64,11.25
222,Orzhytsya,UA,2022-01-27 00:42:39,49.7918,32.7012,21.16,86,100,4.32
223,Ancud,CL,2022-01-27 00:42:40,-41.8697,-73.8203,71.13,78,0,1.12
224,Nelson Bay,AU,2022-01-27 00:42:40,-32.7167,152.15,83.28,56,0,3.0
225,Dunedin,NZ,2022-01-27 00:42:41,-45.8742,170.5036,58.8,59,56,15.01
226,Malatya,TR,2022-01-27 00:42:41,38.5,38.0,26.65,93,100,2.3
227,Natchez,US,2022-01-27 00:41:29,31.5604,-91.4032,40.44,56,0,6.91
228,Bowen,AU,2022-01-27 00:42:42,-20.0167,148.2333,75.42,93,100,7.27
229,Castro,BR,2022-01-27 00:41:57,-24.7911,-50.0119,67.96,89,100,1.83
230,Portmore,JM,2022-01-27 00:42:42,17.9702,-76.8672,80.56,79,40,14.97
231,Akdagmadeni,TR,2022-01-27 00:42:43,39.6603,35.8836,9.9,98,100,1.23
232,Nurota,UZ,2022-01-27 00:42:43,40.5614,65.6886,32.09,38,0,6.17
233,Redding,US,2022-01-27 00:42:44,40.5865,-122.3917,65.97,31,0,0.0
234,Ciudad Bolivar,VE,2022-01-27 00:43:45,8.1222,-63.5497,81.41,45,15,12.95
235,Peniche,PT,2022-01-27 00:43:45,39.3558,-9.3811,54.88,69,86,9.66
236,Mercedes,AR,2022-01-27 00:43:46,-34.6515,-59.4307,67.86,58,41,17.22
237,Vostok,RU,2022-01-27 00:43:46,46.4856,135.8833,4.1,88,99,3.13
238,Itororo,BR,2022-01-27 00:43:46,-15.1169,-40.0703,70.11,97,62,1.63
239,Pontian Kecil,MY,2022-01-27 00:43:47,1.4801,103.3899,80.73,82,100,5.59
240,Voh,NC,2022-01-27 00:43:47,-20.9667,164.7,88.29,56,39,7.94
241,Larap,PH,2022-01-27 00:43:48,14.299,122.6504,79.59,88,69,7.7
242,Sola,VU,2022-01-27 00:43:48,-13.8833,167.55,88.47,74,40,6.91
243,Half Moon Bay,US,2022-01-27 00:43:48,37.4636,-122.4286,64.08,65,0,0.0
244,Lompoc,US,2022-01-27 00:43:49,34.6391,-120.4579,63.25,67,0,11.5
245,Te Anau,NZ,2022-01-27 00:43:49,-45.4167,167.7167,60.73,41,35,3.8
246,Sistranda,NO,2022-01-27 00:43:50,63.7256,8.834,39.9,92,100,9.19
247,Ileza,RU,2022-01-27 00:43:50,61.0533,43.9002,-10.57,100,100,3.06
248,Hobyo,SO,2022-01-27 00:43:50,5.3505,48.5268,75.07,68,21,16.42
249,Sungaipenuh,ID,2022-01-27 00:43:51,-2.0833,101.3833,67.93,85,100,2.21
250,Manuk Mangkaw,PH,2022-01-27 00:43:51,4.8,119.85,81.28,79,76,3.58
251,Atbasar,KZ,2022-01-27 00:43:52,51.8,68.3333,-10.89,100,100,3.71
252,San Quintin,MX,2022-01-27 00:43:52,30.4833,-115.95,59.49,67,100,8.63
253,Tuatapere,NZ,2022-01-27 00:43:52,-46.1333,167.6833,58.82,50,20,9.1
254,Mbala,ZM,2022-01-27 00:43:53,-8.8402,31.3659,59.76,92,99,1.57
255,Los Llanos De Aridane,ES,2022-01-27 00:43:53,28.6585,-17.9182,56.95,78,75,8.99
256,Cockburn Town,TC,2022-01-27 00:43:53,21.4612,-71.1419,77.77,73,0,13.22
257,Labuhan,ID,2022-01-27 00:43:54,-6.8844,112.2051,80.69,81,100,9.69
258,Marsa Matruh,EG,2022-01-27 00:43:54,31.3525,27.2453,46.6,76,40,11.5
259,Constantine,DZ,2022-01-27 00:43:55,36.365,6.6147,33.21,80,0,1.14
260,Havoysund,NO,2022-01-27 00:43:55,70.9963,24.6622,29.28,73,100,7.29
261,Kodiak,US,2022-01-27 00:43:55,57.79,-152.4072,35.11,87,100,11.5
262,Leshukonskoye,RU,2022-01-27 00:43:56,64.8989,45.7622,-5.17,100,94,4.65
263,Imeni Poliny Osipenko,RU,2022-01-27 00:43:56,52.4201,136.4853,-11.27,99,100,2.62
264,Thunder Bay,CA,2022-01-27 00:43:56,48.4001,-89.3168,19.56,77,100,8.05
265,Okato,NZ,2022-01-27 00:43:57,-39.2,173.8833,71.91,58,10,12.5
266,Viedma,AR,2022-01-27 00:43:57,-40.8135,-62.9967,61.7,59,0,7.09
267,La Rioja,ES,2022-01-27 00:43:58,42.25,-2.5,33.12,45,0,6.24
268,Antalaha,MG,2022-01-27 00:43:58,-14.9003,50.2788,71.78,83,21,6.24
269,Severo-Kurilsk,RU,2022-01-27 00:43:59,50.6789,156.125,26.47,70,88,27.18
270,Fereydun Kenar,IR,2022-01-27 00:43:59,36.6864,52.5225,48.96,76,0,2.75
271,Ranong,TH,2022-01-27 00:43:59,9.9658,98.6348,76.93,77,24,2.53
272,Tiksi,RU,2022-01-27 00:44:00,71.6872,128.8694,0.36,88,75,17.38
273,Ulaangom,MN,2022-01-27 00:44:00,49.9811,92.0667,-16.69,96,100,1.43
274,Mitsamiouli,KM,2022-01-27 00:42:10,-11.3847,43.2844,79.84,75,91,5.57
275,Konevo,RU,2022-01-27 00:44:01,62.1215,39.3192,8.38,96,100,5.26
276,San Cristobal,VE,2022-01-27 00:44:01,7.7669,-72.225,73.58,86,100,1.74
277,Roald,NO,2022-01-27 00:44:02,62.5833,6.1333,40.12,87,100,11.5
278,Abalak,RU,2022-01-27 00:44:02,58.1286,68.5944,5.52,89,100,6.89
279,Conde,BR,2022-01-27 00:45:03,-7.2597,-34.9075,74.66,100,75,9.22
280,Akdepe,TM,2022-01-27 00:45:03,42.0551,59.3788,19.49,74,6,10.22
281,Machesney Park,US,2022-01-27 00:45:04,42.3472,-89.039,8.11,73,100,4.0
282,Ponta Do Sol,PT,2022-01-27 00:45:04,32.6667,-17.1,60.71,68,59,6.06
283,Gat,IL,2022-01-27 00:45:05,31.61,34.7642,45.28,100,75,26.33
284,Koumac,NC,2022-01-27 00:45:05,-20.5667,164.2833,83.53,68,54,9.71
285,Aklavik,CA,2022-01-27 00:45:06,68.2191,-135.0107,0.43,71,75,11.5
286,Maryville,US,2022-01-27 00:45:06,35.7565,-83.9705,34.0,49,20,6.91
287,Harindanga,IN,2022-01-27 00:45:07,22.0383,88.3214,64.38,85,5,7.72
288,General Pico,AR,2022-01-27 00:45:07,-35.6566,-63.7568,67.96,46,3,15.43
289,Petatlan,MX,2022-01-27 00:45:07,17.5167,-101.2667,75.04,78,4,2.24
290,Patacamaya,BO,2022-01-27 00:45:08,-17.2333,-67.9167,49.32,78,100,7.78
291,Fallon,US,2022-01-27 00:45:08,39.4735,-118.7774,44.47,38,20,9.22
292,Portland,US,2022-01-27 00:45:09,45.5234,-122.6762,48.22,68,20,8.99
293,Cidreira,BR,2022-01-27 00:43:37,-30.1811,-50.2056,73.99,95,100,2.39
294,Kavaratti,IN,2022-01-27 00:45:09,10.5669,72.642,77.23,62,100,8.19
295,Santa Isabel Do Rio Negro,BR,2022-01-27 00:45:10,-0.4139,-65.0192,74.12,97,95,1.19
296,Agua Prieta,MX,2022-01-27 00:45:10,31.3,-109.5667,56.37,28,98,3.27
297,Airai,TL,2022-01-27 00:44:49,-8.9266,125.4092,70.92,66,97,4.99
298,Sungai Besar,MY,2022-01-27 00:45:11,3.6746,100.9867,75.25,79,54,3.78
299,Nishihara,JP,2022-01-27 00:45:11,26.1842,127.7558,70.88,65,75,8.05
300,San Antonio,US,2022-01-27 00:44:50,29.4241,-98.4936,56.05,60,100,6.91
301,Kholodnyy,RU,2022-01-27 00:45:12,62.7167,147.95,-34.82,99,83,2.37
302,Tevaitoa,PF,2022-01-27 00:45:12,-16.7833,-151.5,81.0,77,18,18.5
303,Puerto Baquerizo Moreno,EC,2022-01-27 00:42:34,-0.9,-89.6,76.19,78,75,12.66
304,Asau,RO,2022-01-27 00:45:13,46.4333,26.4,27.52,86,95,6.69
305,Namibe,AO,2022-01-27 00:45:13,-15.1961,12.1522,76.15,82,100,7.27
306,Luanda,AO,2022-01-27 00:45:14,-8.8368,13.2343,77.0,88,75,6.91
307,Tessalit,ML,2022-01-27 00:45:14,20.1986,1.0114,60.94,23,100,14.65
308,Luan,CH,2022-01-27 00:45:14,46.3592,6.9759,29.68,91,8,1.99
309,Bozeman,US,2022-01-27 00:43:47,45.6796,-111.0386,26.71,68,0,1.99
310,Batemans Bay,AU,2022-01-27 00:45:15,-35.7167,150.1833,82.2,49,50,11.1
311,Vila Franca Do Campo,PT,2022-01-27 00:45:15,37.7167,-25.4333,59.41,77,20,10.04
312,Apiai,BR,2022-01-27 00:45:16,-24.5094,-48.8425,66.96,94,100,3.0
313,Providencia,MX,2022-01-27 00:45:16,28.7167,-111.5833,73.85,46,100,11.74
314,Sitka,US,2022-01-27 00:45:17,57.0531,-135.33,37.29,87,20,4.61
315,Chimore,BO,2022-01-27 00:45:17,-16.9833,-65.1333,73.42,95,100,2.53
316,Esna,EG,2022-01-27 00:45:17,25.2934,32.554,46.42,61,0,8.86
317,Meadow Lake,US,2022-01-27 00:45:18,34.8014,-106.5436,39.29,51,4,7.56
318,Ust-Nera,RU,2022-01-27 00:45:18,64.5667,143.2,-36.76,97,62,2.46
319,Vanavara,RU,2022-01-27 00:45:19,60.34,102.2797,-19.91,100,61,0.83
320,Amboasary,MG,2022-01-27 00:45:19,-25.0333,46.3833,73.24,89,0,4.18
321,Hukuntsi,BW,2022-01-27 00:45:19,-24.0,21.75,73.29,58,100,7.85
322,Awbari,LY,2022-01-27 00:45:20,26.5921,12.7805,39.85,43,9,6.76
323,Agadez,NE,2022-01-27 00:45:20,19.75,10.25,50.58,36,5,12.35
324,Dicabisagan,PH,2022-01-27 00:45:21,17.0818,122.4157,76.71,91,100,3.2
325,Maceio,BR,2022-01-27 00:41:38,-9.6658,-35.7353,81.84,83,75,6.91
326,Lircay,PE,2022-01-27 00:45:21,-12.9896,-74.7205,51.13,78,98,2.26
327,Blyth,GB,2022-01-27 00:45:21,55.1271,-1.5086,51.35,86,100,11.01
328,Fairbanks,US,2022-01-27 00:46:22,64.8378,-147.7164,-0.9,78,40,3.44
329,Sao Sebastiao,BR,2022-01-27 00:46:22,-23.76,-45.4097,76.77,89,47,5.88
330,Shingu,JP,2022-01-27 00:46:23,33.7333,135.9833,47.39,56,100,3.33
331,Olafsvik,IS,2022-01-27 00:44:33,64.8945,-23.7142,33.84,60,100,5.95
332,Yerbogachen,RU,2022-01-27 00:46:24,61.2767,108.0108,-18.9,100,100,3.8
333,Saint Anthony,US,2022-01-27 00:46:24,45.0205,-93.218,25.12,75,0,5.99
334,Ostrovnoy,RU,2022-01-27 00:45:17,68.0531,39.5131,9.84,97,58,18.43
335,Belmonte,BR,2022-01-27 00:46:25,-15.8631,-38.8828,75.7,87,100,6.89
336,Pambuhan,PH,2022-01-27 00:46:25,13.9736,123.0837,79.74,82,22,2.51
337,Yangjiang,CN,2022-01-27 00:46:26,21.85,111.9667,68.95,84,20,5.82
338,Hillsborough,US,2022-01-27 00:43:19,37.5741,-122.3794,63.48,65,0,1.99
339,Dwarka,IN,2022-01-27 00:46:26,22.2394,68.9678,64.45,43,0,9.73
340,Douentza,ML,2022-01-27 00:46:27,14.9951,-2.9517,67.86,12,100,5.37
341,Binga,ZW,2022-01-27 00:46:27,-17.6203,27.3414,70.11,96,100,5.64
342,Klyuchi,RU,2022-01-27 00:46:28,52.2667,79.1667,-10.21,100,96,4.43
343,Lorengau,PG,2022-01-27 00:46:28,-2.0226,147.2712,83.43,78,100,7.18
344,Broken Hill,AU,2022-01-27 00:46:29,-31.95,141.4333,89.31,37,3,10.36
345,Ornskoldsvik,SE,2022-01-27 00:46:29,63.2909,18.7153,13.15,92,99,3.44
346,Tautira,PF,2022-01-27 00:46:11,-17.7333,-149.15,84.22,77,36,16.51
347,Mayo,US,2022-01-27 00:46:29,38.8876,-76.5119,29.3,48,0,3.0
348,Aykhal,RU,2022-01-27 00:46:30,66.0,111.5,-8.81,82,94,7.36
349,Whithorn,JM,2022-01-27 00:46:30,18.2604,-78.0378,76.26,91,0,2.77
350,Batagay,RU,2022-01-27 00:46:31,67.6333,134.6333,-17.0,98,100,4.29
351,Pontianak,ID,2022-01-27 00:41:33,-0.0333,109.3333,73.38,100,100,0.0
352,Cuiluan,CN,2022-01-27 00:46:31,47.72,128.648,2.84,91,94,3.15
353,Gizo,SB,2022-01-27 00:46:32,-8.103,156.8419,83.68,71,98,9.28
354,Berlevag,NO,2022-01-27 00:46:32,70.8578,29.0864,23.54,82,99,15.17
355,Sapul,PH,2022-01-27 00:46:32,13.3652,121.1884,79.99,84,100,7.94
356,Kaili,ID,2022-01-27 00:46:33,-3.4626,120.2147,75.79,71,100,2.04
357,Palmer,US,2022-01-27 00:46:33,42.1584,-72.3287,18.21,55,0,4.61
358,Warrensburg,US,2022-01-27 00:46:34,38.7628,-93.7361,32.09,39,40,5.99
359,Rockhampton,AU,2022-01-27 00:46:34,-23.3833,150.5,84.09,61,100,10.36
360,Port-Gentil,GA,2022-01-27 00:46:34,-0.7193,8.7815,80.13,80,100,13.47
361,Warwick,US,2022-01-27 00:46:35,41.7001,-71.4162,21.88,39,0,16.11
362,Ngunguru,NZ,2022-01-27 00:46:35,-35.6167,174.5,78.17,49,0,12.28
363,Fortuna,US,2022-01-27 00:46:36,40.5982,-124.1573,53.42,88,0,1.01
364,Shubarkuduk,KZ,2022-01-27 00:46:36,49.1447,56.4872,25.18,97,100,7.74
365,Najran,SA,2022-01-27 00:46:36,17.4924,44.1277,50.65,43,0,6.02
366,Varnavino,RU,2022-01-27 00:46:37,57.4035,45.0916,3.13,99,92,2.8
367,Klaksvik,FO,2022-01-27 00:46:38,62.2266,-6.589,36.52,80,100,31.52
368,Mazatlan,MX,2022-01-27 00:46:38,23.2167,-106.4167,70.92,81,60,1.01
369,Adzope,CI,2022-01-27 00:46:38,6.1069,-3.8619,68.81,97,3,2.46
370,Samarai,PG,2022-01-27 00:46:39,-10.6167,150.6667,84.83,72,100,1.77
371,Eyl,SO,2022-01-27 00:46:39,7.9803,49.8164,69.06,73,100,12.93
372,Nagato,JP,2022-01-27 00:44:44,34.3833,131.2,45.19,58,89,4.29
373,Saint-Augustin,CA,2022-01-27 00:47:40,51.226,-58.6502,-6.97,83,2,10.78
374,Manavalakurichi,IN,2022-01-27 00:47:40,8.1333,77.3,75.29,84,96,5.3
375,Methoni,GR,2022-01-27 00:47:41,36.8197,21.7049,40.21,49,1,5.28
376,Huadian,CN,2022-01-27 00:47:41,42.9633,126.7478,1.89,91,58,1.74
377,Mastic Beach,US,2022-01-27 00:47:42,40.7668,-72.8521,24.55,46,0,1.01
378,College,US,2022-01-27 00:47:42,64.8569,-147.8028,-0.74,78,40,3.44
379,Victoria,HK,2022-01-27 00:45:50,22.2855,114.1577,69.33,87,60,8.99
380,Bilma,NE,2022-01-27 00:47:43,18.6853,12.9164,52.86,35,16,10.22
381,Churapcha,RU,2022-01-27 00:47:43,62.0025,132.4325,-40.86,100,57,3.15
382,Doka,SD,2022-01-27 00:47:44,13.5167,35.7667,70.36,27,11,16.93
383,Lolodorf,CM,2022-01-27 00:47:44,3.2333,10.7333,71.65,96,100,2.51
384,Skibbereen,IE,2022-01-27 00:47:44,51.55,-9.2667,51.6,96,100,15.08
385,Nanortalik,GL,2022-01-27 00:47:45,60.1432,-45.2371,19.54,71,100,15.79
386,Pangnirtung,CA,2022-01-27 00:47:45,66.1451,-65.7125,-22.83,97,100,4.09
387,Zabaykalsk,RU,2022-01-27 00:47:46,49.6333,117.3167,-11.22,99,49,5.06
388,Nampa,US,2022-01-27 00:43:59,43.5407,-116.5635,30.85,87,100,3.44
389,Kachug,RU,2022-01-27 00:47:46,53.9606,105.8817,-19.52,100,53,1.19
390,Chengde,CN,2022-01-27 00:47:47,40.9725,117.9361,16.0,54,0,4.34
391,Saint Andrews,US,2022-01-27 00:47:47,34.0454,-81.1293,46.13,60,40,9.22
392,Linkoping,SE,2022-01-27 00:47:48,58.4109,15.6216,37.78,88,100,11.5
393,Coahuayana,MX,2022-01-27 00:43:43,18.7333,-103.6833,74.14,70,100,2.86
394,Lodja,CD,2022-01-27 00:47:16,-3.4833,23.4333,69.58,98,100,4.25
395,Slavuta,UA,2022-01-27 00:47:48,50.3016,26.8651,26.62,98,100,5.35
396,Sunland Park,US,2022-01-27 00:47:49,31.7965,-106.58,55.81,22,0,1.01
397,Bamako,ML,2022-01-27 00:45:54,12.65,-8.0,64.81,27,0,5.75
398,Changping,CN,2022-01-27 00:47:49,40.2186,116.2197,24.44,56,8,7.61
399,Luorong,CN,2022-01-27 00:47:50,24.4058,109.6086,54.9,90,100,6.33
400,Cosala,MX,2022-01-27 00:47:50,24.4125,-106.6908,65.71,54,64,1.72
401,Mutis,CO,2022-01-27 00:47:51,6.2262,-77.4044,78.06,87,99,1.41
402,Olinda,BR,2022-01-27 00:47:51,-8.0089,-34.8553,82.13,74,40,10.36
403,Ulfborg,DK,2022-01-27 00:47:51,56.2673,8.3217,44.02,93,100,27.4
404,Barda,AZ,2022-01-27 00:47:52,40.3744,47.1267,36.75,84,100,3.42
405,Ambunti,PG,2022-01-27 00:47:52,-4.2365,142.8448,82.18,85,100,1.45
406,Diamantino,BR,2022-01-27 00:47:53,-14.4086,-56.4461,73.36,95,100,4.43
407,Thinadhoo,MV,2022-01-27 00:47:53,0.5333,72.9333,81.39,71,100,19.3
408,Visnes,NO,2022-01-27 00:47:53,59.3556,5.2242,47.57,93,100,24.16
409,Padilla,CO,2022-01-27 00:47:54,3.2204,-76.3139,76.57,93,100,1.3
410,Eyemouth,GB,2022-01-27 00:47:54,55.8713,-2.0901,51.24,67,94,30.4
411,Maua,BR,2022-01-27 00:44:43,-23.6678,-46.4614,73.2,87,27,5.95
412,Gimli,CA,2022-01-27 00:47:55,50.6336,-96.9907,23.43,73,98,8.05
413,Mananjary,MG,2022-01-27 00:47:55,-21.2167,48.3333,72.27,83,28,3.44
414,Riverton,US,2022-01-27 00:45:59,40.5219,-111.9391,38.01,54,40,5.01
415,Kitimat,CA,2022-01-27 00:47:56,54.0524,-128.6534,37.78,58,100,3.09
416,Dakar,SN,2022-01-27 00:45:44,14.6937,-17.4441,71.73,83,0,6.91
417,Bud,US,2022-01-27 00:47:56,39.447,-86.1758,19.17,64,0,4.97
418,Raga,SS,2022-01-27 00:47:57,8.4596,25.678,72.84,20,100,9.78
419,Nizwa,OM,2022-01-27 00:47:57,22.9333,57.5333,60.67,52,0,1.39
420,Clearlake,US,2022-01-27 00:47:57,38.9582,-122.6264,57.9,49,0,2.89
421,Hyderabad,IN,2022-01-27 00:46:02,17.3753,78.4744,63.91,72,40,6.91
422,Promyshlennovskiy,RU,2022-01-27 00:48:58,55.4833,86.2,3.97,100,92,3.91
423,Anakapalle,IN,2022-01-27 00:48:59,17.6833,83.0167,66.81,85,2,3.51
424,Tual,ID,2022-01-27 00:48:59,-5.6667,132.75,83.82,77,97,4.32
425,Agen,FR,2022-01-27 00:48:59,44.2,0.6333,41.7,93,100,4.61
426,New Ulm,US,2022-01-27 00:48:21,44.3125,-94.4605,32.4,77,0,17.27
427,Caravelas,BR,2022-01-27 00:49:00,-17.7125,-39.2481,75.11,91,84,4.16
428,Batagay-Alyta,RU,2022-01-27 00:49:00,67.8006,130.4114,-11.83,86,100,6.04
429,Angoche,MZ,2022-01-27 00:49:01,-16.2325,39.9086,74.75,90,99,7.63
430,Dawlatabad,AF,2022-01-27 00:49:01,36.4141,64.9053,37.67,46,0,3.02
431,Niono,ML,2022-01-27 00:49:02,14.2526,-5.993,68.99,12,34,8.72
432,Dublin,US,2022-01-27 00:49:02,37.7021,-121.9358,62.8,66,0,3.0
433,Boca Do Acre,BR,2022-01-27 00:49:03,-8.7522,-67.3978,73.76,98,98,2.46
434,Evensk,RU,2022-01-27 00:49:03,61.95,159.2333,4.82,81,100,11.36
435,Lander,US,2022-01-27 00:49:04,42.833,-108.7307,31.01,61,0,0.0
436,Bathsheba,BB,2022-01-27 00:49:04,13.2167,-59.5167,74.01,83,40,6.91
437,Velsk,RU,2022-01-27 00:49:05,61.0701,42.0983,-7.06,100,100,3.67
438,Hualmay,PE,2022-01-27 00:49:05,-11.0964,-77.6139,71.73,81,100,8.97
439,Tvoroyri,FO,2022-01-27 00:49:05,61.5556,-6.8111,36.79,76,97,32.55
440,Inhambane,MZ,2022-01-27 00:49:06,-23.865,35.3833,77.31,87,86,8.52
441,Sur,OM,2022-01-27 00:49:06,22.5667,59.5289,66.36,52,0,3.65
442,Beneditinos,BR,2022-01-27 00:49:07,-5.45,-42.3667,72.73,95,100,2.42
443,Sioux Lookout,CA,2022-01-27 00:49:07,50.1001,-91.917,19.78,92,100,6.91
444,Sao Miguel Do Araguaia,BR,2022-01-27 00:49:08,-13.275,-50.1628,71.71,93,100,4.85
445,Arman,RU,2022-01-27 00:49:08,59.7,150.1667,-9.29,79,100,10.31
446,Latur,IN,2022-01-27 00:49:08,18.4,76.5833,55.81,55,5,8.55
447,Port Lincoln,AU,2022-01-27 00:49:09,-34.7333,135.8667,75.18,72,7,5.7
448,Petlad,IN,2022-01-27 00:49:12,22.4667,72.8,53.94,50,0,9.33
449,Drumheller,CA,2022-01-27 00:44:42,51.4617,-112.7101,36.73,69,90,10.36
450,Cozumel,MX,2022-01-27 00:46:02,20.5083,-86.9458,77.0,87,48,1.99
451,Totskoye,RU,2022-01-27 00:49:13,52.5248,52.7623,6.42,97,98,5.91
452,Chapais,CA,2022-01-27 00:47:45,49.7834,-74.8492,-15.02,90,22,11.14
453,Dingle,PH,2022-01-27 00:44:51,10.9995,122.6711,81.59,81,100,9.37
454,Tevriz,RU,2022-01-27 00:49:14,57.509,72.4042,-6.43,100,98,3.42
455,Mizan Teferi,ET,2022-01-27 00:49:14,6.9833,35.5833,64.71,49,17,2.82
456,Emerald,AU,2022-01-27 00:49:15,-23.5333,148.1667,86.34,54,100,16.11
457,Mabay,PH,2022-01-27 00:49:15,6.0577,124.4666,84.69,66,8,1.1
458,Guerrero Negro,MX,2022-01-27 00:49:15,27.9769,-114.0611,64.85,47,100,8.63
459,Coihaique,CL,2022-01-27 00:49:16,-45.5752,-72.0662,77.61,43,0,8.05
460,Kildinstroy,RU,2022-01-27 00:49:16,68.8049,33.1,10.71,92,75,0.0
461,Schermbeck,DE,2022-01-27 00:47:15,51.6833,6.8667,40.14,94,100,15.1
462,Sawakin,SD,2022-01-27 00:49:17,19.1059,37.3321,71.24,56,89,20.56
463,Grand-Santi,GF,2022-01-27 00:49:18,4.25,-54.3833,71.29,99,77,2.37
464,Calabozo,VE,2022-01-27 00:49:18,8.9242,-67.4293,83.35,33,9,11.1
465,Itatinga,BR,2022-01-27 00:49:19,-23.1017,-48.6158,69.6,88,99,2.77
466,Szczecinek,PL,2022-01-27 00:50:19,53.7079,16.6994,37.6,94,100,13.69
467,Xacmaz,AZ,2022-01-27 00:50:20,41.4635,48.806,34.61,77,90,7.05
468,Sukhoy Log,RU,2022-01-27 00:50:20,56.9094,62.0296,9.73,92,11,11.41
469,Goure,NE,2022-01-27 00:50:21,13.9835,10.2704,58.87,23,0,13.06
470,Mahajanga,MG,2022-01-27 00:50:21,-15.7167,46.3167,75.22,94,40,4.61
471,Santiago Del Estero,AR,2022-01-27 00:50:22,-27.7951,-64.2615,75.51,91,100,7.29
472,Upington,ZA,2022-01-27 00:50:22,-28.4478,21.2561,77.38,33,0,5.75
473,Petropavlovskoye,RU,2022-01-27 00:50:23,52.0712,84.107,13.84,94,100,6.87
474,Baker City,US,2022-01-27 00:50:23,44.7749,-117.8344,28.11,81,100,6.91
475,Umm Lajj,SA,2022-01-27 00:50:23,25.0213,37.2685,64.18,54,19,19.44
476,Pinawa,CA,2022-01-27 00:50:24,50.1489,-95.8811,19.15,87,97,12.17
477,Cubuk,TR,2022-01-27 00:50:24,40.2386,33.0322,9.86,79,40,4.61
478,Soe,ID,2022-01-27 00:50:24,-9.8607,124.284,78.49,65,70,3.65
479,Nouakchott,MR,2022-01-27 00:50:25,18.0858,-15.9785,67.93,66,99,15.08
480,Boyuibe,BO,2022-01-27 00:50:25,-20.4167,-63.2833,83.53,45,63,8.66
481,Mount Gambier,AU,2022-01-27 00:50:03,-37.8333,140.7667,85.91,54,1,6.91
482,Shiraz,IR,2022-01-27 00:50:26,29.6036,52.5388,42.24,65,20,0.0
483,Okhotsk,RU,2022-01-27 00:48:33,59.3833,143.3,-5.69,77,100,17.69
484,Nabire,ID,2022-01-27 00:50:26,-3.3667,135.4833,80.01,73,100,0.49
485,Jardim,BR,2022-01-27 00:50:27,-21.4803,-56.1381,79.29,65,100,4.14
486,Tall Kayf,TR,2022-01-27 00:50:27,37.0833,41.0667,40.5,87,100,5.84
487,Terrace,CA,2022-01-27 00:45:30,54.5163,-128.6035,37.31,87,75,6.91
488,Lavrentiya,RU,2022-01-27 00:45:45,65.5833,-171.0,-18.18,88,27,5.01
489,Pozo Colorado,PY,2022-01-27 00:50:28,-23.4923,-58.7972,89.64,39,15,5.26
490,Niamey,NE,2022-01-27 00:50:28,13.5137,2.1098,71.89,12,28,8.05
491,Myitkyina,MM,2022-01-27 00:50:29,25.3833,97.4,56.16,95,73,1.07
492,Lomovka,RU,2022-01-27 00:50:29,53.9194,58.3672,2.32,96,98,5.99
493,Beloha,MG,2022-01-27 00:50:30,-25.1667,45.05,68.45,87,0,10.33
494,Rio Grande,BR,2022-01-27 00:50:30,-32.035,-52.0986,73.94,94,100,16.11
495,Zharkent,KZ,2022-01-27 00:50:30,44.1628,80.0,21.16,71,71,1.32
496,Lesozavodsk,RU,2022-01-27 00:50:31,45.4794,133.4244,6.3,92,100,2.64
497,Gidam,IN,2022-01-27 00:50:31,18.9833,81.4,52.14,63,0,3.67
498,Ponta Delgada,PT,2022-01-27 00:50:32,37.7333,-25.6667,59.72,63,75,11.5
499,Bonoua,CI,2022-01-27 00:50:32,5.2741,-3.595,78.42,88,0,3.11
500,Saint-Pierre,RE,2022-01-27 00:50:33,-21.3393,55.4781,71.28,64,33,10.36
501,Kanigoro,ID,2022-01-27 00:50:33,-8.13,112.219,80.01,80,95,1.72
502,San Ramon,US,2022-01-27 00:47:35,37.7799,-121.978,62.38,68,0,1.99
503,Kenai,US,2022-01-27 00:50:34,60.5544,-151.2583,24.15,81,100,8.05
504,Abha,SA,2022-01-27 00:50:34,18.2164,42.5053,53.42,94,0,11.5
505,Seydi,TM,2022-01-27 00:50:35,39.4816,62.9137,38.43,52,0,10.96
506,Sinnamary,GF,2022-01-27 00:47:20,5.3833,-52.95,75.58,87,22,7.81
507,Redmond,US,2022-01-27 00:50:35,47.674,-122.1215,42.46,88,12,1.01
508,Grafton,US,2022-01-27 00:49:35,42.207,-71.6856,18.63,44,0,5.75
509,Beringovskiy,RU,2022-01-27 00:50:36,63.05,179.3167,1.62,95,100,5.57
510,Almora,IN,2022-01-27 00:50:36,29.6167,79.6667,32.02,94,7,0.89
511,Ardakan,IR,2022-01-27 00:51:37,32.31,54.0175,52.18,38,0,5.77
512,Aktau,KZ,2022-01-27 00:51:37,43.65,51.2,28.98,68,96,12.01
513,Havelock,US,2022-01-27 00:51:38,34.8791,-76.9013,35.92,68,0,3.0
514,Ndele,CF,2022-01-27 00:51:38,8.4109,20.6473,71.22,24,100,5.39
515,Bronnoysund,NO,2022-01-27 00:51:38,65.4625,12.1997,37.4,93,100,10.36
516,Yar-Sale,RU,2022-01-27 00:51:39,66.8333,70.8333,6.42,94,100,9.55
517,Hirara,JP,2022-01-27 00:51:39,24.8,125.2833,73.26,73,40,10.36
518,Muyezerskiy,RU,2022-01-27 00:51:40,63.9333,31.65,22.53,93,100,9.89
519,Ambilobe,MG,2022-01-27 00:51:40,-13.2,49.05,72.1,95,87,2.82
520,Kamenka,RU,2022-01-27 00:51:41,51.3223,42.7678,-0.15,100,100,4.56
521,Pimentel,PE,2022-01-27 00:51:41,-6.8367,-79.9342,69.71,83,87,10.65
522,Korla,CN,2022-01-27 00:51:41,41.7597,86.1469,20.8,71,0,1.59
523,Newton Stewart,GB,2022-01-27 00:51:42,54.9578,-4.4832,49.95,89,100,16.71
524,Allanridge,ZA,2022-01-27 00:51:42,-27.7543,26.6438,62.6,91,100,5.19
525,Qaqortoq,GL,2022-01-27 00:51:42,60.7167,-46.0333,12.69,67,92,19.48
526,Port Macquarie,AU,2022-01-27 00:51:43,-31.4333,152.9167,77.9,56,54,7.83
527,Lexington,US,2022-01-27 00:47:33,37.9887,-84.4777,21.2,49,0,3.44
528,Bairiki,KI,2022-01-27 00:50:40,1.3292,172.9752,87.8,70,20,10.36
529,Tadine,NC,2022-01-27 00:51:44,-21.55,167.8833,81.9,76,100,5.84
530,Kaupanger,NO,2022-01-27 00:51:44,61.1845,7.2404,38.1,98,100,4.97
531,Aqtobe,KZ,2022-01-27 00:51:44,50.2797,57.2072,19.49,86,100,6.71
532,Yumaguzino,RU,2022-01-27 00:51:45,52.9041,56.3933,9.55,98,100,5.26
533,Yaring,TH,2022-01-27 00:51:45,6.8662,101.3689,81.28,82,93,9.86
534,Alyangula,AU,2022-01-27 00:47:04,-13.8483,136.4192,87.67,70,100,12.66
535,Vagur,FO,2022-01-27 00:51:45,61.4732,-6.8119,39.4,73,97,34.29
536,Pochutla,MX,2022-01-27 00:51:46,15.7432,-96.4661,79.83,73,7,4.21
537,Guadalupe Y Calvo,MX,2022-01-27 00:51:46,26.1,-106.9667,41.23,49,5,1.16
538,Talnakh,RU,2022-01-27 00:51:47,69.4865,88.3972,2.21,96,100,15.26
539,Iwanai,JP,2022-01-27 00:51:47,42.9744,140.5089,31.08,76,100,12.37
540,Chabahar,IR,2022-01-27 00:51:47,25.2919,60.643,67.08,45,0,2.01
541,Lata,PT,2022-01-27 00:51:48,40.1629,-8.3327,48.61,79,47,4.99
542,Acajutla,SV,2022-01-27 00:51:48,13.5928,-89.8275,77.81,76,57,5.39
543,Rocha,UY,2022-01-27 00:50:30,-34.4833,-54.3333,68.2,89,100,18.3
544,Shimoda,JP,2022-01-27 00:51:49,34.6667,138.95,52.16,74,100,3.42
545,Yulara,AU,2022-01-27 00:51:49,-25.2406,130.9889,87.64,45,68,6.91
546,Amlagora,IN,2022-01-27 00:51:49,22.8333,87.3333,58.08,68,9,8.01
547,Ban Nahin,LA,2022-01-27 00:51:50,18.2418,104.2122,72.1,67,6,2.66
548,Porto Novo,BJ,2022-01-27 00:51:50,6.4965,2.6036,76.82,83,0,2.26
549,Puri,IN,2022-01-27 00:49:56,19.8,85.85,64.92,58,0,12.53
550,Chimoio,MZ,2022-01-27 00:51:51,-19.1164,33.4833,69.66,100,75,2.68
551,Pathanamthitta,IN,2022-01-27 00:51:51,9.2667,76.7833,70.97,92,99,1.19
552,Oruro,BO,2022-01-27 00:47:11,-17.9833,-67.15,54.09,67,40,6.91
553,Werda,BW,2022-01-27 00:51:52,-25.2667,23.2833,73.92,56,19,7.07
554,Duxbury,US,2022-01-27 00:51:52,42.0418,-70.6723,22.17,51,0,1.01
555,Iralaya,HN,2022-01-27 00:51:52,15.0,-83.2333,78.89,75,33,6.87
556,Pulandian,CN,2022-01-27 00:51:53,39.3953,121.9669,24.93,40,34,11.45
557,Cartagena,CO,2022-01-27 00:50:05,10.3997,-75.5144,80.22,78,0,9.22
558,Shiyan,CN,2022-01-27 00:52:53,32.6475,110.7781,34.81,96,100,2.53
559,Derzhavinsk,KZ,2022-01-27 00:52:54,51.1,66.3167,1.06,95,96,6.31
560,Parrita,CR,2022-01-27 00:52:54,9.5201,-84.3225,83.97,79,100,1.1
561,Terney,RU,2022-01-27 00:52:54,45.0503,136.6092,15.84,62,6,11.77
562,Shubarshi,KZ,2022-01-27 00:52:55,48.5872,57.1869,19.81,94,100,6.44
563,Adjumani,UG,2022-01-27 00:52:55,3.3779,31.7909,73.81,31,62,2.46
564,Lingao,CN,2022-01-27 00:52:56,19.9103,109.6859,70.81,88,14,11.25
565,Zhuanghe,CN,2022-01-27 00:52:56,39.7008,122.9911,21.18,46,9,8.3
566,Falmouth,GB,2022-01-27 00:51:42,50.1544,-5.0711,45.79,83,100,12.86
567,Katherine,AU,2022-01-27 00:52:56,-14.4667,132.2667,84.52,74,75,12.66
568,Ler,SS,2022-01-27 00:52:57,8.3018,30.1418,78.01,20,29,10.71
569,Puerto Escondido,MX,2022-01-27 00:52:57,15.85,-97.0667,81.43,74,20,0.0
570,Barcelos,PT,2022-01-27 00:52:58,41.5388,-8.6151,49.84,70,5,5.66
571,Takahashi,JP,2022-01-27 00:52:58,34.7833,133.6167,44.85,76,100,3.04
572,Fleetwood,GB,2022-01-27 00:52:59,53.9253,-3.0109,50.34,93,100,29.21
